{
    "circle": {
        "cluster_center": [
            0.7742128136108722,
            0.6562011683048765
        ],
        "similarity": 0.8273624059436401,
        "distance": 0.41811195201911716
    },
    "rectangle": {
        "cluster_center": [
            0.15565291045551075,
            0.16302401612254705
        ],
        "similarity": 0.7853205344282641,
        "distance": 0.2977137088701979
    }
}