{
    "circle": {
        "F1": [
            140.0,
            0.3605845099094731,
            0.22161057881715637,
            1.0
        ],
        "F2": [
            -8.740967544396824,
            0.2618786129117797,
            0.30794171097819756,
            1.4286589099816287
        ],
        "S": 154.67784203113087,
        "cluster_center": [
            65.62951622780159,
            0.3112315614106264,
            0.264776144897677,
            1.2143294549908143
        ],
        "similarity": 0.9988670639533992
    },
    "rectangle": {
        "F1": [
            78.0,
            0.3681223186562425,
            0.2229234330934187,
            2.0
        ],
        "F2": [
            -29.04782608695652,
            0.40353530774438856,
            0.25157272934502783,
            3.2021739130434783
        ],
        "S": 112.77753729562995,
        "cluster_center": [
            24.47608695652174,
            0.38582881320031553,
            0.23724808121922325,
            2.601086956521739
        ],
        "similarity": 0.8892050286398103
    }
}