{
    "circle": {
        "F1": [
            1.1789577389124535,
            0.6,
            0.7146577195592874
        ],
        "F2": [
            -0.731090884689924,
            0.9470969151569838,
            0.5978147130710456
        ],
        "S": 2.478891156966478,
        "cluster_center": [
            0.2239334271112647,
            0.7735484575784919,
            0.6562362163151665
        ],
        "similarity": -0.9999994466860823
    },
    "rectangle": {
        "F1": [
            0.9977104129907994,
            0.189873417721519,
            0.15202776877030072
        ],
        "F2": [
            -0.6126583829467174,
            0.12136921622351943,
            0.17406701659565893
        ],
        "S": 1.867547042189822,
        "cluster_center": [
            0.192526015022041,
            0.1556213169725192,
            0.16304739268297982
        ],
        "similarity": -0.9999983955574075
    }
}