{
    "circle": {
        "F1": [
            0.03822786690514294,
            140,
            2.4858229539403784,
            0.3605845099094731,
            0.22161057881715637,
            0.06461550345657445,
            0.03314967095431903
        ],
        "F2": [
            0.17623288885759666,
            -8.740967544396824,
            0.5152234143833145,
            0.2618786129117797,
            0.30794171097819756,
            0.03368351529618169,
            0.102394733198728
        ],
        "S": 148.9928086819903,
        "cluster_center": [
            0.1072303778813698,
            65.62951622780159,
            1.5005231841618465,
            0.3112315614106264,
            0.264776144897677,
            0.04914950937637807,
            0.06777220207652351
        ],
        "similarity": 0.9910143834292071
    },
    "rectangle": {
        "F1": [
            0.014934183865586982,
            78,
            2.3778352428786826,
            0.3681223186562425,
            0.2229234330934187,
            0.0696550444077583,
            0.025219991341136054
        ],
        "F2": [
            0.10327220284449598,
            -29.04782608695652,
            2.388327836824292,
            0.40353530774438856,
            0.25157272934502783,
            0.06890497410533694,
            0.029602257680690372
        ],
        "S": 107.3419896056372,
        "cluster_center": [
            0.05910319335504148,
            24.47608695652174,
            2.3830815398514873,
            0.38582881320031553,
            0.23724808121922325,
            0.06928000925654762,
            0.027411124510913213
        ],
        "similarity": 0.9400849673984004
    }
}