{
    "circle": {
        "F1": [0, 0, 0],
        "F2": [6, 6, 6],
        "S": 20.0
    },
    "rectangle": {
        "F1": [1, 1, 1],
        "F2": [8, 8, 8],
        "S": 25.0
    }
}{
    "circle": {
        "F1": [
            70,
            0.31344263881173373,
            0.3145048143550389,
            0
        ],
        "F2": [
            39.55555555555556,
            0.36125239358335404,
            0.16109910733824706,
            3.111111111111111
        ],
        "S": 30.941043730590643,
        "cluster_center": [
            54.77777777777778,
            0.3373475161975439,
            0.23780196084664298,
            1.5555555555555556
        ],
        "similarity": 0.9996431180738153
    },
    "rectangle": {
        "F1": [
            34,
            0.3906453824712536,
            0.24492331134617903,
            1
        ],
        "F2": [
            2.3333333333333357,
            0.3969452573814741,
            0.23021846146112349,
            4.222222222222222
        ],
        "S": 32.18957861350707,
        "cluster_center": [
            18.166666666666668,
            0.39379531992636385,
            0.23757088640365126,
            2.611111111111111
        ],
        "similarity": 0.9042712225287862
    }
}{
    "circle": {
        "F1": [
            70,
            0.31344263881173373,
            0.3145048143550389,
            0
        ],
        "F2": [
            39.55555555555556,
            0.36125239358335404,
            0.16109910733824706,
            3.111111111111111
        ],
        "S": 30.941043730590643,
        "cluster_center": [
            54.77777777777778,
            0.3373475161975439,
            0.23780196084664298,
            1.5555555555555556
        ],
        "similarity": 0.9996431180738153
    },
    "rectangle": {
        "F1": [
            34,
            0.3906453824712536,
            0.24492331134617903,
            1
        ],
        "F2": [
            2.3333333333333357,
            0.3969452573814741,
            0.23021846146112349,
            4.222222222222222
        ],
        "S": 32.18957861350707,
        "cluster_center": [
            18.166666666666668,
            0.39379531992636385,
            0.23757088640365126,
            2.611111111111111
        ],
        "similarity": 0.9042712225287862
    }
}{
    "circle": {
        "F1": [
            70,
            0.31344263881173373,
            0.3145048143550389,
            0
        ],
        "F2": [
            39.55555555555556,
            0.36125239358335404,
            0.16109910733824706,
            3.111111111111111
        ],
        "S": 30.941043730590643,
        "cluster_center": [
            54.77777777777778,
            0.3373475161975439,
            0.23780196084664298,
            1.5555555555555556
        ],
        "similarity": 0.9996431180738153
    },
    "rectangle": {
        "F1": [
            34,
            0.3906453824712536,
            0.24492331134617903,
            1
        ],
        "F2": [
            2.3333333333333357,
            0.3969452573814741,
            0.23021846146112349,
            4.222222222222222
        ],
        "S": 32.18957861350707,
        "cluster_center": [
            18.166666666666668,
            0.39379531992636385,
            0.23757088640365126,
            2.611111111111111
        ],
        "similarity": 0.9042712225287862
    }
}{
    "circle": {
        "F1": [
            70,
            0.31344263881173373,
            0.3145048143550389,
            0,
            0.008747656044726864
        ],
        "F2": [
            39.55555555555556,
            0.36125239358335404,
            0.16109910733824706,
            3.111111111111111,
            0.07696767451151636
        ],
        "S": 30.941620929145266,
        "cluster_center": [
            54.77777777777778,
            0.3373475161975439,
            0.23780196084664298,
            1.5555555555555556,
            0.04285766527812161
        ],
        "similarity": 0.9996156999970797
    },
    "rectangle": {
        "F1": [
            34,
            0.3906453824712536,
            0.24492331134617903,
            1,
            0.050879410959627246
        ],
        "F2": [
            2.3333333333333357,
            0.3969452573814741,
            0.23021846146112349,
            4.222222222222222,
            0.020468858178107195
        ],
        "S": 32.189596005446546,
        "cluster_center": [
            18.166666666666668,
            0.39379531992636385,
            0.23757088640365126,
            2.611111111111111,
            0.03567413456886722
        ],
        "similarity": 0.909757088822166
    }
}{
    "circle": {
        "F1": [
            70,
            0.31344263881173373,
            0.3145048143550389,
            0.008747656044726864
        ],
        "F2": [
            39.55555555555556,
            0.36125239358335404,
            0.16109910733824706,
            0.07696767451151636
        ],
        "S": 30.44634440001394,
        "cluster_center": [
            54.77777777777778,
            0.3373475161975439,
            0.23780196084664298,
            0.04285766527812161
        ],
        "similarity": 0.9999971679123608
    },
    "rectangle": {
        "F1": [
            34,
            0.3906453824712536,
            0.24492331134617903,
            0.050879410959627246
        ],
        "F2": [
            2.3333333333333357,
            0.3969452573814741,
            0.23021846146112349,
            0.020468858178107195
        ],
        "S": 31.666743106725995,
        "cluster_center": [
            18.166666666666668,
            0.39379531992636385,
            0.23757088640365126,
            0.03567413456886722
        ],
        "similarity": 0.9996339169082371
    }
}{
    "circle": {
        "F1": [
            70,
            0.008747656044726864
        ],
        "F2": [
            39.55555555555556,
            0.07696767451151636
        ],
        "S": 30.445089883691637,
        "cluster_center": [
            54.77777777777778,
            0.04285766527812161
        ],
        "similarity": 0.9999999999999998
    },
    "rectangle": {
        "F1": [
            34,
            0.050879410959627246
        ],
        "F2": [
            2.3333333333333357,
            0.020468858178107195
        ],
        "S": 31.666710366797886,
        "cluster_center": [
            18.166666666666668,
            0.03567413456886722
        ],
        "similarity": 0.9999999999999999
    }
}{
    "circle": {
        "F1": [
            70,
            0.31344263881173373,
            0.3145048143550389,
            0
        ],
        "F2": [
            39.55555555555556,
            0.36125239358335404,
            0.16109910733824706,
            3.111111111111111
        ],
        "S": 30.941043730590643,
        "cluster_center": [
            54.77777777777778,
            0.3373475161975439,
            0.23780196084664298,
            1.5555555555555556
        ],
        "similarity": 0.9996431180738153
    },
    "rectangle": {
        "F1": [
            34,
            0.3906453824712536,
            0.24492331134617903,
            1
        ],
        "F2": [
            2.3333333333333357,
            0.3969452573814741,
            0.23021846146112349,
            4.222222222222222
        ],
        "S": 32.18957861350707,
        "cluster_center": [
            18.166666666666668,
            0.39379531992636385,
            0.23757088640365126,
            2.611111111111111
        ],
        "similarity": 0.9042712225287862
    }
}{
    "circle": {
        "F1": [
            0.08727406155998635
        ],
        "F2": [
            -0.0015587310037431246
        ],
        "S": 0.08883279256372947,
        "cluster_center": [
            0.04285766527812161
        ],
        "similarity": NaN
    },