{
    "circle": {
        "cluster_center": 0.7742128136108722,
        "similarity": 1.0,
        "distance": 0.36438873444522046
    },
    "rectangle": {
        "cluster_center": 0.15565291045551052,
        "similarity": 1.0,
        "distance": 0.25721633185599285
    }
}